Rank;Sourceid;Title;Type;Issn;Publisher;Open Access;Open Access Diamond;SJR;SJR Quartile;H index;Total Docs. (2025);Total Docs. (3years);Total Refs.;Total Citations (3years);Citable Docs. (3years);Citations / Doc. (2years);Ref. / Doc.;%Female;Overton;Country;Region;Publisher;Coverage;Categories;Areas
1;21101039773;"Burns and Trauma";journal;"23213868, 23213876";"Oxford University Press";Yes;No;2,220;Q1;55;93;186;11479;2300;179;10,64;123,43;39,91;0;United Kingdom;Western Europe;"Oxford University Press";"2013-2026";"Biomedical Engineering (Q1); Critical Care and Intensive Care Medicine (Q1); Dermatology (Q1); Emergency Medicine (Q1); Immunology and Allergy (Q1); Surgery (Q1)";"Engineering; Medicine"
2;19064;"Resuscitation";journal;"18731570, 03009572";"Elsevier Ireland Ltd";No;No;1,932;Q1;168;397;1095;16232;3659;652;3,49;40,89;35,78;5;Ireland;Western Europe;"Elsevier Ireland Ltd";"1972-1976, 1978-2026";"Cardiology and Cardiovascular Medicine (Q1); Emergency Medicine (Q1); Emergency Nursing (Q1)";"Medicine; Nursing"
3;5700191211;"World Journal of Emergency Surgery";journal;"17497922";"BioMed Central Ltd";Yes;No;1,744;Q1;78;88;154;3746;1121;152;7,48;42,57;30,29;0;United Kingdom;Western Europe;"BioMed Central Ltd";"2006-2026";"Emergency Medicine (Q1); Surgery (Q1)";"Medicine"
4;21100463103;"Advances in Wound Care";journal;"21621934, 21621918";"Mary Ann Liebert Inc.";No;No;1,615;Q1;56;94;158;6871;1239;157;7,42;73,10;44,67;0;United States;Northern America;"Mary Ann Liebert Inc.";"2012, 2015-2026";"Critical Care and Intensive Care Medicine (Q1); Emergency Medicine (Q1)";"Medicine"
5;21100875599;"Turkish Journal of Emergency Medicine";journal;"24522473";"Wolters Kluwer Medknow Publications";Yes;Yes;1,241;Q1;25;46;119;1346;649;118;6,75;29,26;36,60;0;Turkey;Middle East;"Wolters Kluwer Medknow Publications";"2009, 2015-2026";"Critical Care and Intensive Care Medicine (Q1); Emergency Medicine (Q1)";"Medicine"
6;15185;"Academic Emergency Medicine";journal;"15532712, 10696563";"Wiley-Blackwell";No;No;1,172;Q1;154;228;603;4679;1273;372;1,97;20,52;45,76;0;United States;Northern America;"Wiley-Blackwell";"1994-2026";"Emergency Medicine (Q1); Medicine (miscellaneous) (Q1)";"Medicine"
7;4000148301;"Current Heart Failure Reports";journal;"15469530, 15469549";"Springer";No;No;1,161;Q1;59;44;146;3608;629;146;4,24;82,00;39,92;0;United States;Northern America;"Springer";"2004-2026";"Cardiology and Cardiovascular Medicine (Q1); Emergency Medicine (Q1); Physiology (medical) (Q1)";"Medicine"
8;19700166521;"Scandinavian Journal of Trauma, Resuscitation and Emergency Medicine";journal;"17577241";"BioMed Central Ltd";Yes;No;1,065;Q1;80;201;316;6946;1105;281;3,08;34,56;30,39;0;United Kingdom;Western Europe;"BioMed Central Ltd";"2008-2026";"Critical Care and Intensive Care Medicine (Q1); Emergency Medicine (Q1)";"Medicine"
9;21101077113;"Resuscitation Plus";journal;"26665204";"Elsevier B.V.";Yes;No;1,032;Q1;25;314;614;9111;1681;540;2,75;29,02;30,97;0;Netherlands;Western Europe;"Elsevier B.V.";"2020-2026";"Cardiology and Cardiovascular Medicine (Q1); Emergency Medicine (Q1); Emergency Nursing (Q1)";"Medicine; Nursing"
10;5000154606;"Internal and Emergency Medicine";journal;"18280447, 19709366";"Springer Science and Business Media Deutschland GmbH";No;No;1,013;Q1;72;460;908;11258;2711;668;3,51;24,47;47,82;0;Germany;Western Europe;"Springer Science and Business Media Deutschland GmbH";"2006-2026";"Emergency Medicine (Q1); Internal Medicine (Q2)";"Medicine"
11;12978;"Prehospital Emergency Care";journal;"15450066, 10903127";"Taylor and Francis Ltd.";No;No;1,005;Q1;80;242;416;7715;1114;394;2,70;31,88;38,83;7;United Kingdom;Western Europe;"Taylor and Francis Ltd.";"1997-2026";"Emergency Medicine (Q1); Emergency Nursing (Q1)";"Medicine; Nursing"
12;19700187806;"Journal of Child and Adolescent Trauma";journal;"19361521, 1936153X";"Springer Science and Business Media Deutschland GmbH";No;No;0,997;Q1;39;143;289;8479;979;287;2,81;59,29;70,19;0;Switzerland;Western Europe;"Springer Science and Business Media Deutschland GmbH";"2009-2026";"Critical Care and Intensive Care Medicine (Q1); Emergency Medicine (Q1)";"Medicine"
13;15220;"Annals of Emergency Medicine";journal;"01960644, 10976760";"Elsevier Inc.";No;No;0,986;Q1;184;284;943;5096;1738;665;2,07;17,94;40,60;2;United States;Northern America;"Elsevier Inc.";"1980-2026";"Emergency Medicine (Q1)";"Medicine"
14;4100151514;"Critical Care and Resuscitation";journal;"26529335, 14412772";"Elsevier B.V.";No;No;0,952;Q1;47;57;140;1523;291;114;2,28;26,72;33,97;0;Australia;Pacific Region;"Elsevier B.V.";"1999, 2002, 2004-2026";"Anesthesiology and Pain Medicine (Q1); Critical Care and Intensive Care Medicine (Q1); Emergency Medicine (Q1)";"Medicine"
15;21101041516;"Intensive Care Medicine Experimental";journal;"2197425X";"Springer Nature";Yes;No;0,888;Q1;44;133;266;4885;714;238;2,63;36,73;45,23;0;Switzerland;Western Europe;"Springer Nature";"2013-2026";"Critical Care and Intensive Care Medicine (Q1); Emergency Medicine (Q1); Physiology (medical) (Q2)";"Medicine"
16;17641;"Prehospital and Disaster Medicine";journal;"1049023X, 19451938";"Cambridge University Press";No;No;0,851;Q1;67;49;370;1164;924;314;2,88;23,76;33,62;0;United Kingdom;Western Europe;"Cambridge University Press";"1985-1987, 1989-2026";"Emergency Medicine (Q1); Emergency Nursing (Q1)";"Medicine; Nursing"
17;15237;"BMC Emergency Medicine";journal;"1471227X";"BioMed Central Ltd";Yes;No;0,845;Q1;56;261;577;9416;1775;570;3,02;36,08;35,87;0;United Kingdom;Western Europe;"BioMed Central Ltd";"2001-2026";"Emergency Medicine (Q1)";"Medicine"
18;18944;"Shock";journal;"10732322, 15400514";"Lippincott Williams and Wilkins";No;No;0,827;Q1;140;239;610;8870;1715;590;2,56;37,11;36,84;0;United States;Northern America;"Lippincott Williams and Wilkins";"1994-2026";"Emergency Medicine (Q1); Critical Care and Intensive Care Medicine (Q2)";"Medicine"
19;5300152611;"European Journal of Trauma and Emergency Surgery";journal;"18639933, 18639941";"Springer International Publishing AG";No;No;0,788;Q1;58;366;1147;12479;3028;1108;2,50;34,10;27,31;0;Germany;Western Europe;"Springer International Publishing AG";"2006-2026";"Emergency Medicine (Q1); Surgery (Q1); Critical Care and Intensive Care Medicine (Q2); Orthopedics and Sports Medicine (Q2)";"Medicine"
20;29689;"Emergency Medicine Journal";journal;"14720213, 14720205";"BMJ Publishing Group";No;No;0,784;Q1;105;226;590;3401;1074;411;1,49;15,05;53,87;0;United Kingdom;Western Europe;"BMJ Publishing Group";"1996-2026";"Emergency Medicine (Q1); Critical Care and Intensive Care Medicine (Q2); Medicine (miscellaneous) (Q2)";"Medicine"
21;15207;"American Journal of Emergency Medicine";journal;"15328171, 07356757";"W.B. Saunders";No;No;0,773;Q1;120;769;2043;16531;4128;1405;2,15;21,50;35,86;2;United States;Northern America;"W.B. Saunders";"1983-2026";"Emergency Medicine (Q1); Medicine (miscellaneous) (Q2)";"Medicine"
22;29801;"Injury";journal;"00201383, 18790267";"Elsevier Ltd";No;No;0,773;Q1;157;628;1999;19054;4821;1764;2,34;30,34;29,68;3;United Kingdom;Western Europe;"Elsevier Ltd";"1969-2026";"Emergency Medicine (Q1); Surgery (Q1); Orthopedics and Sports Medicine (Q2)";"Medicine"
23;19900193277;"Western Journal of Emergency Medicine";journal;"1936900X, 19369018";"eScholarship";Yes;No;0,740;Q1;65;243;444;6508;1051;424;2,19;26,78;42,42;0;United States;Northern America;"eScholarship";"2011-2026";"Emergency Medicine (Q1); Medicine (miscellaneous) (Q2)";"Medicine"
24;29574;"Burns";journal;"03054179, 18791409";"Elsevier Ltd";No;No;0,725;Q1;129;353;853;11313;2047;659;2,32;32,05;41,29;1;United Kingdom;Western Europe;"Elsevier Ltd";"1974-2026";"Emergency Medicine (Q1); Surgery (Q1); Critical Care and Intensive Care Medicine (Q2); Medicine (miscellaneous) (Q2)";"Medicine"
25;29694;"European Journal of Emergency Medicine";journal;"14735695, 09699546";"Lippincott Williams and Wilkins";No;No;0,701;Q1;61;105;309;2174;624;194;2,30;20,70;40,19;0;United States;Northern America;"Lippincott Williams and Wilkins";"1994-2026";"Emergency Medicine (Q1)";"Medicine"
26;21101017909;"Archives of Academic Emergency Medicine";journal;"26454904";"Shaheed Beheshti University of Medical Sciences and Health Services";Yes;No;0,690;Q1;29;82;231;2738;646;216;2,86;33,39;37,47;0;Iran;Middle East;"Shaheed Beheshti University of Medical Sciences and Health Services";"2019-2026";"Emergency Medical Services (Q1); Emergency Medicine (Q1); Emergency Nursing (Q1)";"Health Professions; Medicine; Nursing"
27;11700154712;"Traumatology";journal;"15347656, 10859373";"SAGE Publications Ltd";No;No;0,665;Q1;61;98;192;5588;477;192;1,94;57,02;66,85;0;United States;Northern America;"SAGE Publications Ltd";"1996-1999, 2002-2006, 2008-2025";"Emergency Medicine (Q1); Nursing (miscellaneous) (Q1); Public Health, Environmental and Occupational Health (Q2)";"Medicine; Nursing"
28;19700175857;"Emergencias";journal;"23865857, 11376821";"Saned";No;No;0,642;Q1;32;122;340;1947;557;154;1,88;15,96;46,56;0;Spain;Western Europe;"Saned";"2010-2026";"Emergency Medicine (Q1)";"Medicine"
29;21101108654;"JACEP Open";journal;"26881152";"Elsevier Inc.";Yes;No;0,638;Q1;31;227;664;3814;974;536;1,32;16,80;41,55;0;United States;Northern America;"Elsevier Inc.";"2020-2026";"Emergency Medicine (Q1)";"Medicine"
30;29666;"EMA - Emergency Medicine Australasia";journal;"17426731, 17426723";"John Wiley and Sons Inc";No;No;0,586;Q2;69;247;563;4751;811;437;1,37;19,23;50,06;1;United States;Northern America;"John Wiley and Sons Inc";"2004-2026";"Emergency Medicine (Q2); Medicine (miscellaneous) (Q2)";"Medicine"
31;145428;"Canadian Journal of Emergency Medicine";journal;"14818035, 14818043";"Springer Nature";No;No;0,583;Q2;60;229;544;2845;553;282;0,91;12,42;47,42;2;Switzerland;Western Europe;"Springer Nature";"1999-2026";"Emergency Medicine (Q2)";"Medicine"
32;14500154757;"International Journal of Emergency Medicine";journal;"18651372, 18651380";"Springer London";Yes;No;0,565;Q2;45;272;362;7736;794;359;1,97;28,44;36,68;1;United Kingdom;Western Europe;"Springer London";"2009-2026";"Emergency Medicine (Q2)";"Medicine"
33;29582;"Chinese Journal of Traumatology - English Edition";journal;"10081275";"Elsevier B.V.";Yes;Yes;0,557;Q2;42;102;189;3143;471;185;2,45;30,81;30,73;0;Netherlands;Western Europe;"Elsevier B.V.";"2001-2026";"Emergency Medicine (Q2); Public Health, Environmental and Occupational Health (Q2); Surgery (Q2); Orthopedics and Sports Medicine (Q3)";"Medicine"
34;21100900274;"AEM Education and Training";journal;"24725390";"John Wiley &amp; Sons Inc.";No;No;0,555;Q2;30;125;312;3349;511;268;1,45;26,79;51,66;0;United States;Northern America;"John Wiley &amp; Sons Inc.";"2017-2026";"Education (Q2); Emergency Medicine (Q2); Emergency Nursing (Q2)";"Medicine; Nursing; Social Sciences"
35;19700182448;"Open Access Emergency Medicine";journal;"11791500";"Dove Medical Press Ltd";Yes;No;0,549;Q2;31;37;151;1093;299;148;1,74;29,54;34,00;0;New Zealand;Pacific Region;"Dove Medical Press Ltd";"2010-2026";"Emergency Medicine (Q2); Emergency Nursing (Q2)";"Medicine; Nursing"
36;21100905055;"Clinical and Experimental Emergency Medicine";journal;"23834625";"Korean Society of Emergency Medicine";Yes;Yes;0,523;Q2;23;60;191;1340;381;135;2,27;22,33;30,67;0;South Korea;Asiatic Region;"Korean Society of Emergency Medicine";"2014, 2018-2025";"Emergency Medicine (Q2); Emergency Nursing (Q2)";"Medicine; Nursing"
37;21100853891;"World Journal of Emergency Medicine";journal;"19208642";"Second Affiliated Hospital, Zhejiang University School of Medicine";No;No;0,513;Q2;21;119;303;2730;513;207;1,61;22,94;45,53;0;China;Asiatic Region;"Second Affiliated Hospital, Zhejiang University School of Medicine";"2012-2013, 2015-2026";"Emergency Medicine (Q2)";"Medicine"
38;15722;"Pediatric Emergency Care";journal;"07495161, 15351815";"Lippincott Williams and Wilkins";No;No;0,508;Q2;82;233;957;5707;1161;880;1,03;24,49;54,77;0;United States;Northern America;"Lippincott Williams and Wilkins";"1985-2026";"Emergency Medicine (Q2); Pediatrics, Perinatology and Child Health (Q2); Medicine (miscellaneous) (Q3)";"Medicine"
39;29667;"Emergency Medicine Clinics of North America";journal;"15580539, 07338627";"W.B. Saunders";No;No;0,507;Q2;70;73;200;3174;384;163;1,66;43,48;44,72;1;United States;Northern America;"W.B. Saunders";"1983-2026";"Emergency Medicine (Q2)";"Medicine"
40;4000151705;"Journal of Burn Care and Research";journal;"15590488, 1559047X";"Oxford University Press";No;No;0,486;Q2;100;205;656;6187;1167;623;1,76;30,18;47,24;0;United States;Northern America;"Oxford University Press";"2006-2026";"Emergency Medicine (Q2); Rehabilitation (Q2); Surgery (Q2); Medicine (miscellaneous) (Q3)";"Medicine"
41;12214;"Journal of Emergency Medicine";journal;"07364679, 10901280";"Elsevier Inc.";No;No;0,460;Q2;103;365;724;7972;942;625;1,29;21,84;38,10;2;United States;Northern America;"Elsevier Inc.";"1983-2026";"Emergency Medicine (Q2)";"Medicine"
42;19900194818;"African Journal of Emergency Medicine";journal;"22114203, 2211419X";"African Federation for Emergency Medicine";Yes;No;0,434;Q2;30;77;192;1751;281;169;1,23;22,74;38,37;0;South Africa;Africa;"African Federation for Emergency Medicine";"2011-2026";"Critical Care Nursing (Q2); Emergency Medicine (Q2); Emergency Nursing (Q2); Geochemistry and Petrology (Q3); Gerontology (Q3)";"Earth and Planetary Sciences; Medicine; Nursing"
43;20901;"Wilderness and Environmental Medicine";journal;"10806032, 15451534";"SAGE Publications Inc.";No;No;0,426;Q2;60;162;291;4529;382;222;1,38;27,96;37,07;1;United States;Northern America;"SAGE Publications Inc.";"1995-2026";"Emergency Medicine (Q2); Public Health, Environmental and Occupational Health (Q3); Sports Science (Q3)";"Health Professions; Medicine"
44;21100438328;"Health Security";journal;"23265108, 23265094";"Mary Ann Liebert Inc.";No;No;0,420;Q2;53;52;228;1667;292;159;1,04;32,06;49,54;0;United States;Northern America;"Mary Ann Liebert Inc.";"2015-2025";"Emergency Medicine (Q2); Safety Research (Q2); Health (social science) (Q3); Health, Toxicology and Mutagenesis (Q3); Management, Monitoring, Policy and Law (Q3); Public Health, Environmental and Occupational Health (Q3)";"Environmental Science; Medicine; Social Sciences"
45;21100853574;"Emergency Medicine International";journal;"20902840, 20902859";"John Wiley and Sons Ltd";Yes;No;0,416;Q2;10;48;92;1610;156;91;1,70;33,54;40,74;0;United Kingdom;Western Europe;"John Wiley and Sons Ltd";"2011-2012, 2014-2020, 2022-2026";"Emergency Medicine (Q2)";"Medicine"
46;21101184585;"Paramedicine";journal;"27536386";"SAGE Publications Inc.";No;No;0,415;Q2;21;43;63;1807;123;47;2,43;42,02;54,78;1;United States;Northern America;"SAGE Publications Inc.";"2023-2026";"Emergency Medical Services (Q1); Emergency Medicine (Q2); Emergency Nursing (Q2)";"Health Professions; Medicine; Nursing"
47;16671;"Emergency Radiology";journal;"14381435, 10703004";"Springer Science and Business Media Deutschland GmbH";No;No;0,409;Q2;56;116;306;2857;425;298;1,15;24,63;32,15;0;Germany;Western Europe;"Springer Science and Business Media Deutschland GmbH";"1994-2026";"Emergency Medicine (Q2); Radiology, Nuclear Medicine and Imaging (Q3)";"Medicine"
48;34839;"Ulusal Travma ve Acil Cerrahi Dergisi";journal;"1306696X, 13077945";"Turkish Association of Trauma and Emergency Surgery";No;No;0,377;Q2;33;173;600;4382;808;595;1,34;25,33;19,25;0;Turkey;Middle East;"Turkish Association of Trauma and Emergency Surgery";"2003-2004, 2006-2026";"Emergency Medicine (Q2); Anesthesiology and Pain Medicine (Q3); Surgery (Q3)";"Medicine"
49;4700152443;"AACN Advanced Critical Care";journal;"15597776, 15597768";"American Association of Critical-Care Nurses";No;No;0,348;Q2;52;51;157;1036;169;152;1,02;20,31;81,65;0;United States;Northern America;"American Association of Critical-Care Nurses";"2006-2025";"Emergency Medicine (Q2); Critical Care Nursing (Q3); Medicine (miscellaneous) (Q3)";"Medicine; Nursing"
50;21101173097;"Journal of Critical Care Medicine";journal;"23931817, 23931809";"Sciendo";Yes;No;0,348;Q2;19;50;113;1414;162;100;1,12;28,28;45,34;0;Poland;Eastern Europe;"Sciendo";"2015-2026";"Critical Care and Intensive Care Medicine (Q2); Emergency Medicine (Q2); Anesthesiology and Pain Medicine (Q3); Pulmonary and Respiratory Medicine (Q3)";"Medicine"
51;21100198555;"Medizinische Klinik - Intensivmedizin und Notfallmedizin";journal;"21936218, 21936226";"Springer Medizin";No;No;0,324;Q2;24;163;323;4953;445;264;1,47;30,39;34,63;0;Germany;Western Europe;"Springer Medizin";"1997, 2002, 2011-2026";"Emergency Medicine (Q2); Emergency Nursing (Q2); Critical Care and Intensive Care Medicine (Q3); Internal Medicine (Q3)";"Medicine; Nursing"
52;21100909460;"Turkish Journal of Anaesthesiology and Reanimation";journal;"26676370, 2667677X";"Galenos Publishing House";Yes;No;0,322;Q2;21;53;224;1239;230;199;1,17;23,38;49,05;0;Turkey;Middle East;"Galenos Publishing House";"2019-2026";"Emergency Medicine (Q2); Anesthesiology and Pain Medicine (Q3)";"Medicine"
53;26994;"Air Medical Journal";journal;"15326497, 1067991X";"Elsevier Inc.";No;No;0,321;Q2;32;118;321;2353;286;310;0,81;19,94;34,38;0;United States;Northern America;"Elsevier Inc.";"1993-2026";"Emergency Medicine (Q2); Emergency Nursing (Q3)";"Medicine; Nursing"
54;19700183041;"Journal of Emergencies, Trauma and Shock";journal;"09742700, 0974519X";"Wolters Kluwer Medknow Publications";Yes;No;0,321;Q2;46;48;158;940;100;102;0,64;19,58;34,65;0;India;Asiatic Region;"Wolters Kluwer Medknow Publications";"2009-2025";"Emergency Medicine (Q2)";"Medicine"
55;21101079124;"Journal of Integrated Disaster Risk Management";journal;"21858322";"IDRiM Society";No;No;0,297;Q2;7;28;53;1656;85;52;1,67;59,14;50,00;0;Japan;Asiatic Region;"IDRiM Society";"2019-2026";"Emergency Medicine (Q2); Urban Studies (Q2); Business, Management and Accounting (miscellaneous) (Q3); Management, Monitoring, Policy and Law (Q3); Management Science and Operations Research (Q3); Safety Research (Q3); Safety, Risk, Reliability and Quality (Q3); Social Psychology (Q3); Global and Planetary Change (Q4)";"Business, Management and Accounting; Decision Sciences; Engineering; Environmental Science; Medicine; Psychology; Social Sciences"
56;21101094911;"Emergency and Critical Care Medicine";journal;"2693860X, 20970617";"Lippincott Williams and Wilkins";Yes;Yes;0,293;Q2;7;36;106;1136;105;102;0,83;31,56;35,40;0;United States;Northern America;"Lippincott Williams and Wilkins";"2021-2025";"Emergency Medicine (Q2); Critical Care and Intensive Care Medicine (Q3)";"Medicine"
57;21100823138;"Malaysian Orthopaedic Journal";journal;"2232111X, 19852533";"Malaysian Orthopaedic Association";Yes;No;0,293;Q2;20;60;180;1101;167;164;0,91;18,35;14,39;0;Malaysia;Asiatic Region;"Malaysian Orthopaedic Association";"2015-2025";"Emergency Medicine (Q2); Orthopedics and Sports Medicine (Q3); Surgery (Q3)";"Medicine"
58;59726;"Trauma (United Kingdom)";journal;"14770350, 14604086";"SAGE Publications Ltd";No;No;0,285;Q2;23;38;175;964;127;153;0,67;25,37;32,11;0;United Kingdom;Western Europe;"SAGE Publications Ltd";"1999-2026";"Emergency Medicine (Q2); Critical Care and Intensive Care Medicine (Q3); Surgery (Q3)";"Medicine"
59;12408;"Notfall und Rettungsmedizin";journal;"14360578, 14346222";"Springer Medizin";No;No;0,274;Q3;27;253;381;4163;271;295;0,72;16,45;28,54;1;Germany;Western Europe;"Springer Medizin";"1999-2001, 2003-2026";"Emergency Medicine (Q3)";"Medicine"
60;21101101204;"Burns Open";journal;"24689122";"Elsevier B.V.";Yes;No;0,271;Q3;16;54;134;1343;135;133;0,94;24,87;41,35;0;Netherlands;Western Europe;"Elsevier B.V.";"2017-2026";"Critical Care and Intensive Care Medicine (Q3); Dermatology (Q3); Emergency Medicine (Q3); Surgery (Q3)";"Medicine"
61;21101052760;"Journal of Public Health and Emergency";journal;"25200054";"AME Publishing Company";No;No;0,271;Q3;11;40;112;1686;105;89;1,05;42,15;47,58;0;Hong Kong;Asiatic Region;"AME Publishing Company";"2017, 2019-2025";"Emergency Medicine (Q3); Public Health, Environmental and Occupational Health (Q3)";"Medicine"
62;21101146384;"Health in Emergencies and Disasters Quarterly";journal;"23454210";"Negah Institute for Social Research and Scientific Communication";Yes;Yes;0,259;Q3;9;33;103;1225;94;90;0,85;37,12;36,57;0;Iran;Middle East;"Negah Institute for Social Research and Scientific Communication";"2019-2026";"Emergency Medical Services (Q2); Building and Construction (Q3); Civil and Structural Engineering (Q3); Emergency Medicine (Q3); Social Sciences (miscellaneous) (Q3)";"Engineering; Health Professions; Medicine; Social Sciences"
63;4800152316;"Advanced Emergency Nursing Journal";journal;"19314493, 19314485";"Lippincott Williams and Wilkins";No;No;0,254;Q3;26;57;151;763;124;138;0,56;13,39;66,67;0;United States;Northern America;"Lippincott Williams and Wilkins";"2006-2026";"Emergency Medicine (Q3); Emergency Nursing (Q3)";"Medicine; Nursing"
64;21101140510;"Unfallchirurgie (Germany)";journal;"2731703X, 27317021";"Springer Medizin";No;No;0,240;Q3;57;137;415;3065;267;332;0,67;22,37;20,85;0;Germany;Western Europe;"Springer Medizin";"2022-2026";"Emergency Medicine (Q3); Orthopedics and Sports Medicine (Q3); Surgery (Q3)";"Medicine"
65;145168;"Acta Medica Indonesiana";journal;"01259326, 23382732";"Indonesian Society of Internal Medicine";Yes;No;0,239;Q3;38;70;228;1912;162;210;0,61;27,31;46,67;0;Indonesia;Asiatic Region;"Indonesian Society of Internal Medicine";"2004-2025";"Emergency Medicine (Q3); Immunology (Q4); Immunology and Allergy (Q4)";"Immunology and Microbiology; Medicine"
66;19700188351;"Annals of Burns and Fire Disasters";journal;"15929566, 15929558";"Mediterranean Council for Burns and Fire Disasters";Yes;No;0,232;Q3;34;31;153;923;113;145;0,66;29,77;30,59;0;Italy;Western Europe;"Mediterranean Council for Burns and Fire Disasters";"2010-2025";"Critical Care and Intensive Care Medicine (Q3); Emergency Medicine (Q3); Emergency Nursing (Q3)";"Medicine; Nursing"
67;21100780673;"International Journal of Critical Illness and Injury Science";journal;"22295151, 22315004";"Wolters Kluwer Medknow Publications";Yes;No;0,228;Q3;22;30;106;677;91;95;0,82;22,57;33,98;0;India;Asiatic Region;"Wolters Kluwer Medknow Publications";"2015-2026";"Critical Care and Intensive Care Medicine (Q3); Emergency Medicine (Q3); Public Health, Environmental and Occupational Health (Q3)";"Medicine"
68;19700173165;"Signa Vitae";journal;"13345605, 1845206X";"Pharmamed Mado Ltd";No;No;0,227;Q3;17;179;441;5444;350;431;0,83;30,41;39,00;0;Croatia;Eastern Europe;"Pharmamed Mado Ltd";"2008-2026";"Critical Care and Intensive Care Medicine (Q3); Emergency Medicine (Q3)";"Medicine"
69;21101034371;"Medicina Katastrof";journal;"20701004, 26867966";"A.I. Burnazyan Federal Medical Biophysical Center";Yes;Yes;0,224;Q3;9;55;148;833;77;148;0,63;15,15;40,77;0;Russian Federation;Eastern Europe;"A.I. Burnazyan Federal Medical Biophysical Center";"2019-2025";"Emergency Medical Services (Q2); Health Professions (miscellaneous) (Q2); Emergency Medicine (Q3); Public Health, Environmental and Occupational Health (Q4)";"Health Professions; Medicine"
70;21100976770;"Medico-Biological and Socio-Psychological Issues of Safety in Emergency Situations";journal;"25417487, 19954441";"Nikiforov Russian Center of Emergency and Radiation Medicine, EMERCOM of Russia";Yes;No;0,217;Q3;7;37;117;674;64;117;0,65;18,22;32,91;0;Russian Federation;Eastern Europe;"Nikiforov Russian Center of Emergency and Radiation Medicine, EMERCOM of Russia";"2019-2025";"Emergency Medical Services (Q2); Emergency Medicine (Q3); Clinical Psychology (Q4); Psychiatry and Mental Health (Q4); Public Health, Environmental and Occupational Health (Q4)";"Health Professions; Medicine; Psychology"
71;29792;"Hong Kong Journal of Emergency Medicine";journal;"23095407, 10249079";"John Wiley and Sons Inc";Yes;No;0,216;Q3;18;68;177;1672;95;157;0,45;24,59;29,36;0;Hong Kong;Asiatic Region;"John Wiley and Sons Inc";"2004-2026";"Emergency Medicine (Q3)";"Medicine"
72;21101073950;"Annals of Critical Care";journal;"1818474X, 17269806";"Practical Medicine Publishing House LLC";Yes;Yes;0,212;Q3;11;51;142;2750;138;138;0,95;53,92;39,86;0;Russian Federation;Eastern Europe;"Practical Medicine Publishing House LLC";"2017-2026";"Anesthesiology and Pain Medicine (Q3); Critical Care and Intensive Care Medicine (Q3); Emergency Medical Services (Q3); Emergency Medicine (Q3); Law (Q3)";"Health Professions; Medicine; Social Sciences"
73;21101246364;"Journal of Trauma and Injury";journal;"27994317, 22871683";"The Korean Society of Traumatology";Yes;Yes;0,210;Q3;5;56;185;1160;119;178;0,62;20,71;24,26;0;South Korea;Asiatic Region;"The Korean Society of Traumatology";"2019, 2021-2025";"Emergency Medicine (Q3); Surgery (Q3)";"Medicine"
74;21100197951;"Journal of Acute Medicine";journal;"22115587, 22115595";"Ainosco Press";Yes;No;0,208;Q3;20;26;79;483;50;72;0,72;18,58;25,00;0;Taiwan;Asiatic Region;"Ainosco Press";"2011-2025";"Critical Care and Intensive Care Medicine (Q3); Emergency Medicine (Q3)";"Medicine"
75;21101022219;"Disaster and Emergency Medicine Journal";journal;"25435957, 24514691";"Via Medica";No;No;0,202;Q3;11;30;113;746;48;80;0,28;24,87;28,57;0;Poland;Eastern Europe;"Via Medica";"2019-2025";"Critical Care and Intensive Care Medicine (Q3); Emergency Medical Services (Q3); Emergency Medicine (Q3)";"Health Professions; Medicine"
76;21100416035;"Trauma Case Reports";journal;"23526440";"Elsevier Ltd";Yes;No;0,200;Q3;14;151;502;2402;260;502;0,49;15,91;20,59;0;United Kingdom;Western Europe;"Elsevier Ltd";"2015-2026";"Critical Care and Intensive Care Medicine (Q3); Emergency Medicine (Q3); Orthopedics and Sports Medicine (Q4)";"Medicine"
77;21101054301;"Journal of Emergency and Critical Care Medicine";journal;"25213563";"AME Publishing Company";No;No;0,190;Q3;7;35;63;858;41;61;0,48;24,51;35,32;0;Hong Kong;Asiatic Region;"AME Publishing Company";"2020-2025";"Critical Care and Intensive Care Medicine (Q3); Emergency Medicine (Q3)";"Medicine"
78;21100787322;"Romanian Journal of Anaesthesia and Intensive Care";journal;"23927518, 25020307";"";Yes;No;0,184;Q3;15;0;4;0;3;4;0,75;0,00;0,00;0;Romania;Eastern Europe;"";"2014-2019, 2023";"Anesthesiology and Pain Medicine (Q3); Critical Care and Intensive Care Medicine (Q3); Emergency Medicine (Q3)";"Medicine"
79;145501;"Acute Medicine";journal;"17474884, 17474892";"Rila Publications Ltd";No;No;0,181;Q3;18;14;115;173;41;100;0,27;12,36;45,61;0;United Kingdom;Western Europe;"Rila Publications Ltd";"2005-2025";"Emergency Medicine (Q3); Critical Care and Intensive Care Medicine (Q4); Internal Medicine (Q4); Medicine (miscellaneous) (Q4)";"Medicine"
80;21101038514;"Russian Journal of Anesthesiology and Reanimatology /Anesteziologiya i Reanimatologiya";journal;"02017563, 24104698";"Media Sphera Publishing Group";No;No;0,180;Q3;13;70;217;2022;116;202;0,46;28,89;37,50;0;Russian Federation;Eastern Europe;"Media Sphera Publishing Group";"1976-2016, 2018-2025";"Anesthesiology and Pain Medicine (Q3); Emergency Medical Services (Q3); Emergency Medicine (Q3); Law (Q3); Critical Care and Intensive Care Medicine (Q4); Pathology and Forensic Medicine (Q4)";"Health Professions; Medicine; Social Sciences"
81;21101039106;"Journal of Health Administration";journal;"20081200, 20081219";"Iran University of Medical Sciences";Yes;No;0,177;Q3;7;15;95;589;42;93;0,27;39,27;29,82;0;Iran;Middle East;"Iran University of Medical Sciences";"2019-2025";"Emergency Medicine (Q3); Health Informatics (Q4); Health Information Management (Q4); Health Policy (Q4)";"Health Professions; Medicine"
82;21101055430;"Clinical Practice and Cases in Emergency Medicine";journal;"2474252X";"University of California - Department of Emergency Medicine";Yes;No;0,175;Q3;12;120;267;1239;124;254;0,37;10,33;37,92;0;United States;Northern America;"University of California - Department of Emergency Medicine";"2017-2026";"Emergency Medicine (Q3); Emergency Nursing (Q3)";"Medicine; Nursing"
83;21100244201;"Journal of Emergency Management";journal;"15435865";"Weston Medical Publishing";No;No;0,173;Q3;21;66;212;1393;115;197;0,52;21,11;46,97;0;United States;Northern America;"Weston Medical Publishing";"2008, 2012-2026";"Emergency Medicine (Q3); Medicine (miscellaneous) (Q4); Safety Research (Q4); Safety, Risk, Reliability and Quality (Q4)";"Engineering; Medicine; Social Sciences"
84;21101082212;"Journal of Research in Clinical Medicine";journal;"27170616";"Tabriz University of Medical Sciences";Yes;Yes;0,172;Q3;5;40;108;1220;56;104;0,53;30,50;28,65;1;Iran;Middle East;"Tabriz University of Medical Sciences";"2020-2026";"Emergency Medicine (Q3); Anesthesiology and Pain Medicine (Q4); Critical Care and Intensive Care Medicine (Q4); Geriatrics and Gerontology (Q4); Internal Medicine (Q4); Medicine (miscellaneous) (Q4)";"Medicine"
85;21101060899;"Bali Journal of Anesthesiology";journal;"25492276";"Wolters Kluwer Medknow Publications";Yes;Yes;0,170;Q3;5;48;146;1006;56;130;0,39;20,96;41,78;0;India;Asiatic Region;"Wolters Kluwer Medknow Publications";"2017-2025";"Emergency Medicine (Q3); Anesthesiology and Pain Medicine (Q4); Critical Care and Intensive Care Medicine (Q4); Critical Care Nursing (Q4); Emergency Nursing (Q4)";"Medicine; Nursing"
86;12700154704;"Journal of Emergency Medicine, Trauma and Acute Care";journal;"19997086, 19997094";"HBKU Press";Yes;Yes;0,168;Q3;9;46;220;1244;156;211;0,57;27,04;28,82;0;Qatar;Middle East;"HBKU Press";"2008-2009, 2012-2017, 2020-2026";"Emergency Medicine (Q3); Critical Care and Intensive Care Medicine (Q4)";"Medicine"
87;21101149697;"Emergency Care Journal";journal;"22822054, 18269826";"Page Press Publications";Yes;Yes;0,167;Q4;3;77;110;1559;42;81;0,38;20,25;44,88;0;Italy;Western Europe;"Page Press Publications";"2022-2025";"Emergency Medical Services (Q3); Emergency Medicine (Q4); Emergency Nursing (Q4)";"Health Professions; Medicine; Nursing"
88;21100197524;"Trauma Monthly";journal;"22517472, 22517464";"";Yes;No;0,152;Q4;27;36;140;1023;53;135;0,49;28,42;34,53;0;Iran;Middle East;"";"2011-2026";"Critical Care and Intensive Care Medicine (Q4); Emergency Medicine (Q4); Medicine (miscellaneous) (Q4); Surgery (Q4)";"Medicine"
89;21101093567;"Journal of Pediatric Emergency and Intensive Care Medicine (Turkey)";journal;"27179206";"Galenos Publishing House";Yes;No;0,148;Q4;4;15;93;265;33;90;0,27;17,67;47,73;0;Turkey;Middle East;"Galenos Publishing House";"2021-2025";"Critical Care and Intensive Care Medicine (Q4); Emergency Medicine (Q4); Pediatrics, Perinatology and Child Health (Q4)";"Medicine"
90;21101047723;"Journal of Arrhythmology";journal;"15618641, 26587327";"NJSC Institute of Cardiological Technology (INCART)";Yes;Yes;0,146;Q4;5;31;134;901;50;126;0,38;29,06;38,74;0;Russian Federation;Eastern Europe;"NJSC Institute of Cardiological Technology (INCART)";"2019-2026";"Cardiology and Cardiovascular Medicine (Q4); Emergency Medicine (Q4); Pharmacology (medical) (Q4)";"Medicine"
91;21100857526;"Russian Sklifosovsky Journal of Emergency Medical Care";journal;"22239022, 25418017";"Sklifosovsky Research Institute for Emergency Medicine";Yes;Yes;0,145;Q4;11;90;245;2477;75;242;0,32;27,52;36,32;0;Russian Federation;Eastern Europe;"Sklifosovsky Research Institute for Emergency Medicine";"2017-2025";"Emergency Medicine (Q4)";"Medicine"
92;16374;"Notarzt";journal;"14388693, 01772309";"Georg Thieme Verlag";No;No;0,142;Q4;13;64;219;660;27;123;0,07;10,31;23,70;0;Germany;Western Europe;"Georg Thieme Verlag";"1985-1993, 1999-2026";"Critical Care and Intensive Care Medicine (Q4); Emergency Medicine (Q4)";"Medicine"
93;21101041556;"Complex Issues of Cardiovascular Diseases";journal;"23061278, 25879537";"NII KPSSZ";No;No;0,140;Q4;9;124;317;3804;113;316;0,30;30,68;52,41;0;Russian Federation;Eastern Europe;"NII KPSSZ";"2019-2025";"Cardiology and Cardiovascular Medicine (Q4); Critical Care and Intensive Care Medicine (Q4); Emergency Medicine (Q4); Rehabilitation (Q4); Surgery (Q4)";"Medicine"
94;21394;"Anasthesiologie, Intensivmedizin, Notfallmedizin, Schmerztherapie : AINS";journal;"14391074, 09392661";"Georg Thieme Verlag";Yes;No;0,136;Q4;31;56;293;1463;59;179;0,17;26,13;35,83;0;Germany;Western Europe;"Georg Thieme Verlag";"1980-2026";"Anesthesiology and Pain Medicine (Q4); Critical Care and Intensive Care Medicine (Q4); Emergency Medicine (Q4); Medicine (miscellaneous) (Q4)";"Medicine"
95;21100939599;"Kardiologiya i Serdechno-Sosudistaya Khirurgiya";journal;"23094737, 19966385";"Media Sphera Publishing Group";No;No;0,136;Q4;11;99;281;2420;66;281;0,24;24,44;41,08;0;Russian Federation;Eastern Europe;"Media Sphera Publishing Group";"2012-2025";"Cardiology and Cardiovascular Medicine (Q4); Emergency Medicine (Q4); Surgery (Q4)";"Medicine"
96;21101058281;"Frontiers in Emergency Medicine";journal;"27173593";"Tehran University of Medical Sciences";No;No;0,134;Q4;9;37;139;910;74;110;0,67;24,59;33,04;0;Iran;Middle East;"Tehran University of Medical Sciences";"2021-2025";"Emergency Medical Services (Q4); Emergency Medicine (Q4); Emergency Nursing (Q4)";"Health Professions; Medicine; Nursing"
97;21100982275;"Journal of Emergency Practice and Trauma";journal;"23834544";"Kerman University of Medical Sciences";Yes;Yes;0,134;Q4;6;3;83;111;21;76;0,20;37,00;35,71;0;Iran;Middle East;"Kerman University of Medical Sciences";"2019-2025";"Critical Care and Intensive Care Medicine (Q4); Emergency Medicine (Q4); Emergency Nursing (Q4)";"Medicine; Nursing"
98;21101041554;"Messenger of Anesthesiology and Resuscitation";journal;"20785658, 25418653";"New Terra Publishing House";Yes;Yes;0,134;Q4;8;73;225;2472;86;224;0,38;33,86;40,23;0;Russian Federation;Eastern Europe;"New Terra Publishing House";"2019-2025";"Anesthesiology and Pain Medicine (Q4); Critical Care and Intensive Care Medicine (Q4); Emergency Medicine (Q4)";"Medicine"
99;21100886212;"Medecine Intensive Reanimation";journal;"24966142";"Societe de Reanimation de Langue Francaise";No;No;0,133;Q4;5;0;1;0;0;1;0,00;0,00;0,00;0;France;Western Europe;"Societe de Reanimation de Langue Francaise";"2018-2022";"Emergency Medicine (Q4); Emergency Nursing (Q4)";"Medicine; Nursing"
100;21101242004;"Chinese Journal of Trauma";journal;"10018050";"Chinese Medical Journals Publishing House Co.Ltd";No;No;0,129;Q4;6;123;443;5002;133;443;0,29;40,67;32,15;0;China;Asiatic Region;"Chinese Medical Journals Publishing House Co.Ltd";"2020-2026";"Emergency Medicine (Q4); Orthopedics and Sports Medicine (Q4); Surgery (Q4)";"Medicine"
101;19971;"International Journal of Emergency Management";journal;"17415071, 14714825";"Inderscience Publishers";No;No;0,129;Q4;28;0;29;0;11;29;0,29;0,00;0,00;0;United Kingdom;Western Europe;"Inderscience Publishers";"2003-2024";"Emergency Medicine (Q4); Strategy and Management (Q4)";"Business, Management and Accounting; Medicine"
102;21100202939;"Annales Francaises de Medecine d'Urgence";journal;"21086591, 21086524";"John Libbey";Yes;No;0,127;Q4;14;62;181;1302;24;126;0,12;21,00;34,62;0;France;Western Europe;"John Libbey";"2011-2025";"Emergency Medicine (Q4)";"Medicine"
103;21101186835;"Regional Anesthesia and Acute Pain Management";journal;"19936508, 26871394";"Eco-Vector LLC";No;No;0,127;Q4;4;31;83;1124;28;83;0,38;36,26;48,68;0;Russian Federation;Eastern Europe;"Eco-Vector LLC";"2021-2025";"Anesthesiology and Pain Medicine (Q4); Emergency Medical Services (Q4); Emergency Medicine (Q4)";"Health Professions; Medicine"
104;21101169013;"Russian Journal of Pediatric Surgery, Anesthesia and Intensive Care";journal;"25876554, 22194061";"Eco-Vector LLC";No;No;0,126;Q4;5;49;157;1402;32;141;0,25;28,61;36,45;0;Russian Federation;Eastern Europe;"Eco-Vector LLC";"2019-2025";"Anesthesiology and Pain Medicine (Q4); Emergency Medicine (Q4); Pediatrics, Perinatology and Child Health (Q4); Surgery (Q4)";"Medicine"
105;21101105772;"Craniomaxillofacial Research and Innovation";journal;"27528464";"SAGE Publications Ltd";No;No;0,124;Q4;2;0;28;0;7;28;0,42;0,00;0,00;0;United Kingdom;Western Europe;"SAGE Publications Ltd";"2022-2023";"Emergency Medicine (Q4); Oral Surgery (Q4); Otorhinolaryngology (Q4); Surgery (Q4)";"Dentistry; Medicine"
106;3200147821;"Chinese Journal of Emergency Medicine";journal;"16710282";"Chinese Medical Journals Publishing House Co.Ltd";No;No;0,123;Q4;8;114;442;2888;88;438;0,16;25,33;43,80;0;China;Asiatic Region;"Chinese Medical Journals Publishing House Co.Ltd";"2006-2026";"Emergency Medicine (Q4); Emergency Nursing (Q4)";"Medicine; Nursing"
107;21100431882;"Visual Journal of Emergency Medicine";journal;"24054690";"Elsevier Inc.";No;No;0,122;Q4;6;233;919;887;33;919;0,04;3,81;41,67;0;United States;Northern America;"Elsevier Inc.";"2015-2026";"Emergency Medicine (Q4)";"Medicine"
108;21101392350;"Anatolian journal of emergency medicine";journal;"26514311";"Turkiye Acil Tıp Dernegi";No;No;0,121;Q4;2;32;105;744;16;103;0,16;23,25;29,41;0;Turkey;Middle East;"Turkiye Acil Tıp Dernegi";"2022-2025";"Emergency Medicine (Q4); Medicine (miscellaneous) (Q4)";"Medicine"
109;4000149102;"Oxymag";journal;"09901310";"Elsevier Masson s.r.l.";No;No;0,121;Q4;2;43;141;687;6;88;0,03;15,98;44,58;0;France;Western Europe;"Elsevier Masson s.r.l.";"2006-2026";"Emergency Medicine (Q4); Emergency Nursing (Q4)";"Medicine; Nursing"
110;21101151823;"Emergency Medicine (Ukraine)";journal;"23071230, 22240586";"Zaslavsky Publishing House";Yes;No;0,119;Q4;5;113;275;3018;64;252;0,29;26,71;36,98;0;Ukraine;Eastern Europe;"Zaslavsky Publishing House";"2019-2025";"Anesthesiology and Pain Medicine (Q4); Emergency Medicine (Q4)";"Medicine"
111;21101023405;"Journal of Endovascular Resuscitation and Trauma Management";journal;"2003539X, 20027567";"Orebro University Hospital";Yes;Yes;0,112;Q4;9;11;72;206;9;55;0,12;18,73;35,19;0;Sweden;Western Europe;"Orebro University Hospital";"2017-2025";"Critical Care and Intensive Care Medicine (Q4); Emergency Medicine (Q4); Surgery (Q4)";"Medicine"
112;21101257049;"Journal of Clinical Emergency";journal;"10095918";"";No;No;0,110;Q4;4;76;392;1824;46;392;0,15;24,00;43,31;0;China;Asiatic Region;"";"2020-2025";"Emergency Medicine (Q4)";"Medicine"
113;4000150801;"Praticien en Anesthesie Reanimation";journal;"12797960";"Elsevier Masson s.r.l.";No;No;0,108;Q4;6;61;168;1127;11;146;0,07;18,48;39,81;0;France;Western Europe;"Elsevier Masson s.r.l.";"2006-2026";"Anesthesiology and Pain Medicine (Q4); Emergency Medicine (Q4); Emergency Nursing (Q4)";"Medicine; Nursing"
114;21100228103;"Journal Europeen des Urgences et de Reanimation";journal;"22114238";"Elsevier Masson s.r.l.";No;No;0,102;Q4;4;0;40;0;2;28;0,00;0,00;0,00;0;France;Western Europe;"Elsevier Masson s.r.l.";"2011-2023";"Critical Care and Intensive Care Medicine (Q4); Emergency Medicine (Q4)";"Medicine"
115;21101392035;"Medical physics – the current status, problems, the way of development. Innovation technologies";book series;"30411491";"Taras Shevchenko National University of Kyiv";No;No;0,101;Q4;1;0;53;0;0;52;0,00;0,00;0,00;0;Ukraine;Eastern Europe;"Taras Shevchenko National University of Kyiv";"2021, 2024";"Emergency Medicine (Q4); Public Health, Environmental and Occupational Health (Q4); Radiation (Q4); Radiology, Nuclear Medicine and Imaging (Q4)";"Medicine; Physics and Astronomy"
